,precision,recall,f1-score,support
ATTACK,0.5146799242117537,0.2850659251950848,0.3669108351949019,111490.0
BENIGN,0.8417204471891817,0.9339673152642607,0.8854477717164817,453851.0
accuracy,0.8059985035580296,0.8059985035580296,0.8059985035580296,0.8059985035580296
macro avg,0.6782001857004677,0.6095166202296727,0.6261793034556918,565341.0
weighted avg,0.7772253054839923,0.8059985035580296,0.7831879266799623,565341.0
