Model,Accuracy,Precision_Weighted,Recall_Weighted,F1_Weighted,Precision_Macro,Recall_Macro,F1_Macro
IsolationForest,0.8059985035580296,0.7772253054839923,0.8059985035580296,0.7831879266799623,0.6782001857004677,0.6095166202296727,0.6261793034556918
