Model,Accuracy,Precision_Weighted,Recall_Weighted,F1_Weighted,Precision_Macro,Recall_Macro,F1_Macro
Rule-Based Signature Engine,0.37174024173021236,0.6989285312675345,0.37174024173021236,0.4847951258613786,0.1493424748834301,0.11287899756064061,0.11408945006439944
