Model,Accuracy,Precision_Weighted,Recall_Weighted,F1_Weighted,Precision_Macro,Recall_Macro,F1_Macro
XGBoost,0.9999044824274199,0.9999070562074134,0.9999044824274199,0.999905262606415,0.9580673689202571,0.9878016569769582,0.9690255130729323
