Model,Accuracy,Precision_Weighted,Recall_Weighted,F1_Weighted,Precision_Macro,Recall_Macro,F1_Macro
XGBoost,0.9999080201152932,0.9999105120657222,0.9999080201152932,0.9999087812990836,0.9584366799782573,0.9876498506858357,0.9691369607903637
